{
  "id": "7400424936333541388",
  "current_status": "投放中",
  "data": [
    {
      "record_date": "2024-11-08 19:40:00",
      "status": "投放中",
      "roi": 0,
      "overall_impressions": 164,
      "overall_clicks": 6,
      "overall_ctr": 0.03660000115633011,
      "overall_conversion_rate": 0,
      "overall_orders": 0,
      "overall_sales": 0,
      "overall_spend": 40.849998474121094,
      "spend_percentage": 0.0006000000284984708,
      "basic_spend": 40.849998474121094,
      "cost_per_order": 0
    }
  ]
}