{
  "id": "7402957908197392435",
  "current_status": "投放中",
  "data": [
    {
      "record_date": "2024-11-08 19:46:00",
      "status": "投放中",
      "roi": 0,
      "overall_impressions": 113,
      "overall_clicks": 6,
      "overall_ctr": 0.05310000106692314,
      "overall_conversion_rate": 0,
      "overall_orders": 0,
      "overall_sales": 0,
      "overall_spend": 19.1200008392334,
      "spend_percentage": 0.0003000000142492354,
      "basic_spend": 19.1200008392334,
      "cost_per_order": 0
    }
  ]
}