{
  "id": "7403699879514456114",
  "current_status": "投放中",
  "data": [
    {
      "record_date": "2024-11-08 19:48:00",
      "status": "投放中",
      "roi": 0,
      "overall_impressions": 54,
      "overall_clicks": 0,
      "overall_ctr": 0,
      "overall_conversion_rate": 0,
      "overall_orders": 0,
      "overall_sales": 0,
      "overall_spend": 8.59000015258789,
      "spend_percentage": 0.00009999999747378752,
      "basic_spend": 8.59000015258789,
      "cost_per_order": 0
    }
  ]
}