{
  "id": "7405498309433671714",
  "current_status": "投放中",
  "data": [
    {
      "record_date": "2024-11-08 19:51:00",
      "status": "投放中",
      "roi": 0,
      "overall_impressions": 14,
      "overall_clicks": 1,
      "overall_ctr": 0.0714000016450882,
      "overall_conversion_rate": 0,
      "overall_orders": 0,
      "overall_sales": 0,
      "overall_spend": 1.9800000190734863,
      "spend_percentage": 0,
      "basic_spend": 1.9800000190734863,
      "cost_per_order": 0
    }
  ]
}