{
  "id": "7405104760044437567",
  "current_status": "投放中",
  "data": [
    {
      "record_date": "2024-11-08 19:50:00",
      "status": "投放中",
      "roi": 0,
      "overall_impressions": 127,
      "overall_clicks": 4,
      "overall_ctr": 0.03150000050663948,
      "overall_conversion_rate": 0,
      "overall_orders": 0,
      "overall_sales": 0,
      "overall_spend": 20.139999389648438,
      "spend_percentage": 0.0003000000142492354,
      "basic_spend": 20.139999389648438,
      "cost_per_order": 0
    }
  ]
}