{
  "id": "7405104753787371556",
  "current_status": "投放中",
  "data": [
    {
      "record_date": "2024-11-08 19:50:00",
      "status": "投放中",
      "roi": 0,
      "overall_impressions": 24,
      "overall_clicks": 1,
      "overall_ctr": 0.04170000180602074,
      "overall_conversion_rate": 0,
      "overall_orders": 0,
      "overall_sales": 0,
      "overall_spend": 3.2899999618530273,
      "spend_percentage": 0,
      "basic_spend": 3.2899999618530273,
      "cost_per_order": 0
    }
  ]
}