{
  "id": "7431056418005368895",
  "current_status": "跑量素材",
  "data": [
    {
      "record_date": "2024-11-06T18:22:21.000Z",
      "status": "跑量素材",
      "roi": 3.809999942779541,
      "overall_impressions": 549,
      "overall_clicks": 19,
      "overall_ctr": 0.03460000082850456,
      "overall_conversion_rate": 0.05260000005364418,
      "overall_orders": 1,
      "overall_sales": 269,
      "overall_spend": 78.44000244140625,
      "spend_percentage": 0.0010999999940395355,
      "basic_spend": 78.44000244140625,
      "cost_per_order": 78.44000244140625
    }
  ]
}