{
  "id": "7432191852844351542",
  "current_status": "跑量素材",
  "data": [
    {
      "record_date": "2024-11-06 18:45:00",
      "status": "跑量素材",
      "roi": 0,
      "overall_impressions": 1507,
      "overall_clicks": 74,
      "overall_ctr": 0.04910000041127205,
      "overall_conversion_rate": 0,
      "overall_orders": 0,
      "overall_sales": 0,
      "overall_spend": 198.97000122070312,
      "spend_percentage": 0.0027000000700354576,
      "basic_spend": 63.25,
      "cost_per_order": 0
    }
  ]
}