{
  "id": "7432191335976091660",
  "current_status": "跑量素材",
  "data": [
    {
      "record_date": "2024-11-05T08:40:18.000Z",
      "status": "跑量素材",
      "roi": 3.0399999618530273,
      "overall_impressions": 5570,
      "overall_clicks": 177,
      "overall_ctr": 0.03180000185966492,
      "overall_conversion_rate": 0.05079999938607216,
      "overall_orders": 9,
      "overall_sales": 1931.5999755859375,
      "overall_spend": 674.97998046875,
      "spend_percentage": 0.017400000244379044,
      "basic_spend": 341.5299987792969,
      "cost_per_order": 75
    }
  ]
}