{
  "id": "7434064956487024691",
  "current_status": "一轮测试",
  "data": [
    {
      "record_date": "2024-11-07 14:35:00",
      "status": "一轮测试",
      "roi": 4.179999828338623,
      "overall_impressions": 663,
      "overall_clicks": 43,
      "overall_ctr": 0.0649000033736229,
      "overall_conversion_rate": 0.0697999969124794,
      "overall_orders": 3,
      "overall_sales": 807,
      "overall_spend": 214.75,
      "spend_percentage": 0.004800000227987766,
      "basic_spend": 214.75,
      "cost_per_order": 71.58000183105469
    }
  ]
}