{
  "id": "7434834975797477388",
  "current_status": "一轮测试",
  "data": [
    {
      "record_date": "2024-11-09 10:09:00",
      "status": "一轮测试",
      "roi": 2.369999885559082,
      "overall_impressions": 5430,
      "overall_clicks": 357,
      "overall_ctr": 0.065700002014637,
      "overall_conversion_rate": 0.07280000299215317,
      "overall_orders": 26,
      "overall_sales": 7572,
      "overall_spend": 3251.679931640625,
      "spend_percentage": 0.05180000141263008,
      "basic_spend": 3251.679931640625,
      "cost_per_order": 125.05999755859375
    }
  ]
}