{
  "id": "7434064957107666954",
  "current_status": "一轮测试",
  "data": [
    {
      "record_date": "2024-11-07 14:35:00",
      "status": "一轮测试",
      "roi": 0,
      "overall_impressions": 814,
      "overall_clicks": 56,
      "overall_ctr": 0.06880000233650208,
      "overall_conversion_rate": 0,
      "overall_orders": 0,
      "overall_sales": 0,
      "overall_spend": 221.41000366210938,
      "spend_percentage": 0.004900000058114529,
      "basic_spend": 221.41000366210938,
      "cost_per_order": 0
    }
  ]
}