{
  "id": "7434835828889059337",
  "current_status": "一轮测试",
  "data": [
    {
      "record_date": "2024-11-09 10:09:00",
      "status": "一轮测试",
      "roi": 5.050000190734863,
      "overall_impressions": 570,
      "overall_clicks": 46,
      "overall_ctr": 0.08070000261068344,
      "overall_conversion_rate": 0.04349999874830246,
      "overall_orders": 2,
      "overall_sales": 747,
      "overall_spend": 153.9499969482422,
      "spend_percentage": 0.0024999999441206455,
      "basic_spend": 153.9499969482422,
      "cost_per_order": 76.9800033569336
    }
  ]
}