{
  "id": "7434403508974895116",
  "current_status": "一轮测试",
  "data": [
    {
      "record_date": "2024-11-09 10:04:00",
      "status": "跑量素材",
      "roi": 2.630000114440918,
      "overall_impressions": 5289,
      "overall_clicks": 213,
      "overall_ctr": 0.040300000458955765,
      "overall_conversion_rate": 0.07980000227689743,
      "overall_orders": 17,
      "overall_sales": 5023,
      "overall_spend": 1932.5,
      "spend_percentage": 0.03099999949336052,
      "basic_spend": 1916.800048828125,
      "cost_per_order": 113.68000030517578
    }
  ]
}