{
  "id": "7434835480896028681",
  "current_status": "一轮测试",
  "data": [
    {
      "record_date": "2024-11-09 10:09:00",
      "status": "一轮测试",
      "roi": 0,
      "overall_impressions": 179,
      "overall_clicks": 15,
      "overall_ctr": 0.08380000293254852,
      "overall_conversion_rate": 0,
      "overall_orders": 0,
      "overall_sales": 0,
      "overall_spend": 35.189998626708984,
      "spend_percentage": 0.0006000000284984708,
      "basic_spend": 35.189998626708984,
      "cost_per_order": 0
    }
  ]
}