{
  "id": "7434403726834253834",
  "current_status": "一轮测试",
  "data": [
    {
      "record_date": "2024-11-09 10:04:00",
      "status": "跑量素材",
      "roi": 0,
      "overall_impressions": 808,
      "overall_clicks": 61,
      "overall_ctr": 0.0754999965429306,
      "overall_conversion_rate": 0,
      "overall_orders": 0,
      "overall_sales": 0,
      "overall_spend": 248.80999755859375,
      "spend_percentage": 0.004000000189989805,
      "basic_spend": 248.80999755859375,
      "cost_per_order": 0
    }
  ]
}