{
  "id": "7434065035233984522",
  "current_status": "一轮测试",
  "data": [
    {
      "record_date": "2024-11-09 10:06:00",
      "status": "投放中",
      "roi": 0,
      "overall_impressions": 115,
      "overall_clicks": 8,
      "overall_ctr": 0.06960000097751617,
      "overall_conversion_rate": 0,
      "overall_orders": 0,
      "overall_sales": 0,
      "overall_spend": 35.810001373291016,
      "spend_percentage": 0.0006000000284984708,
      "basic_spend": 35.810001373291016,
      "cost_per_order": 0
    }
  ]
}