{
  "id": "7434065017199362098",
  "current_status": "一轮测试",
  "data": [
    {
      "record_date": "2024-11-09 10:04:00",
      "status": "跑量素材",
      "roi": 2.9800000190734863,
      "overall_impressions": 5267,
      "overall_clicks": 133,
      "overall_ctr": 0.025299999862909317,
      "overall_conversion_rate": 0.10530000180006027,
      "overall_orders": 14,
      "overall_sales": 4063,
      "overall_spend": 1401.3900146484375,
      "spend_percentage": 0.02250000089406967,
      "basic_spend": 1401.3900146484375,
      "cost_per_order": 100.0999984741211
    }
  ]
}