{
  "id": "7434065016465981490",
  "current_status": "跑量素材",
  "data": [
    {
      "record_date": "2024-11-07 14:31:00",
      "status": "跑量素材",
      "roi": 2.0199999809265137,
      "overall_impressions": 7549,
      "overall_clicks": 202,
      "overall_ctr": 0.026799999177455902,
      "overall_conversion_rate": 0.05939999967813492,
      "overall_orders": 12,
      "overall_sales": 3543,
      "overall_spend": 1770.780029296875,
      "spend_percentage": 0.03970000147819519,
      "basic_spend": 1770.780029296875,
      "cost_per_order": 147.57000732421875
    }
  ]
}